"last_name","count"
"Aamodt","205"
"Acton","189"
"Adachi","221"
"Aingworth","172"
"Akaboshi","199"
"Akazan","207"
"Akiyama","170"
"Alameldin","195"
"Albarhamtoshy","201"
"Alblas","193"
"Alencar","170"
"Aloia","208"
"Aloisi","164"
"Alpay","183"
"Alpin","204"
"Alvarado","175"
"Ambroszkiewicz","173"
"Anandan","190"
"Ananiadou","160"
"Andreotta","165"
"Androutsos","171"
"Angel","181"
"Angelopoulos","207"
"Angelov","174"
"Anger","190"
"Angiulli","177"
"Angot","178"
"Anguita","161"
"Anick","191"
"Anido","177"
"Anily","182"
"Antonakopoulos","197"
"Antonisse","196"
"Apsitis","192"
"Argence","204"
"Ariola","182"
"Arlazarov","168"
"Armand","176"
"Aseltine","177"
"Ashish","190"
"Asmuth","181"
"Asrin","184"
"Assaf","174"
"Asser","211"
"Atchley","181"
"Atrawala","175"
"Attimonelli","178"
"Aumann","161"
"Auria","182"
"Auyong","200"
"Avouris","197"
"Awdeh","187"
"Axelband","155"
"Azadmanesh","182"
"Azevdeo","166"
"Azulay","179"
"Azuma","174"
"Azumi","191"
"Baak","182"
"Baaleh","162"
"Baalen","180"
"Baar","189"
"Baaz","192"
"Baba","226"
"Babb","166"
"Babu","184"
"Baby","197"
"Baca","176"
"Bach","191"
"Back","182"
"Backhouse","189"
"Badache","170"
"Bade","172"
"Badr","169"
"Baek","188"
"Bael","180"
"Baer","192"
"Baez","182"
"Baezner","190"
"Bage","174"
"Bahi","180"
"Bahk","192"
"Bahl","201"
"Bahr","191"
"Baig","162"
"Baik","162"
"Bail","180"
"Bain","186"
"Baja","176"
"Bakhtari","178"
"Bala","189"
"Bale","182"
"Ballarin","180"
"Bamford","178"
"Baranowski","160"
"Barbanera","192"
"Bardell","177"
"Barinka","165"
"Barreiro","175"
"Barriga","211"
"Barvinok","185"
"Basagni","194"
"Basart","172"
"Basawa","182"
"Bashian","181"
"Bauknecht","168"
"Baumann","155"
"Bazelow","179"
"Bazzichi","188"
"Beausoleil","175"
"Bednarek","198"
"Beerel","176"
"Beeson","172"
"Beetstra","200"
"Begiun","188"
"Beidas","173"
"Beilner","179"
"Belinskaya","187"
"Bellmore","189"
"Bellone","183"
"Benaini","167"
"Benantar","186"
"Benner","158"
"Bennet","205"
"Bennis","180"
"Benveniste","178"
"Benzaken","165"
"Benzmuller","187"
"Berendt","186"
"Bergere","175"
"Bernardeschi","201"
"Bernardinello","156"
"Bernatsky","193"
"Bernick","174"
"Bernini","178"
"Berstel","173"
"Berztiss","179"
"Besancenot","182"
"Besselaar","188"
"Beutelspacher","180"
"Beznosov","187"
"Bharadwaj","160"
"Bhattacharjee","198"
"Bierbaum","163"
"Bierman","187"
"Billawala","189"
"Billingsley","187"
"Binding","180"
"Binkley","178"
"Biran","202"
"Birch","179"
"Birdsall","183"
"Birge","194"
"Birjandi","215"
"Birke","182"
"Birnbaum","190"
"Biron","173"
"Biros","173"
"Birrer","180"
"Birsak","190"
"Birta","195"
"Bisiani","162"
"Blokdijk","165"
"Bodoff","191"
"Boguraev","214"
"Boissier","174"
"Bojadziev","187"
"Bolotov","188"
"Bolsens","210"
"Bondorf","206"
"Bonifati","189"
"Boreale","189"
"Borovoy","185"
"Borstler","196"
"Botman","178"
"Bottner","183"
"Boudaillier","217"
"Bouloucos","195"
"Boyle","197"
"Braccini","197"
"Brandsma","191"
"Bratsberg","173"
"Bratten","187"
"Brattka","185"
"Braunmuhl","206"
"Braunschweig","185"
"Brendel","185"
"Brender","196"
"Bresenham","164"
"Bressoud","188"
"Breugel","161"
"Brickell","178"
"Bridgland","187"
"Brizzi","167"
"Brlek","178"
"Brobst","194"
"Brodal","184"
"Broder","181"
"Brodie","201"
"Brookman","165"
"Brookner","199"
"Broomell","179"
"Bruckman","191"
"Buchter","182"
"Budinsky","189"
"Buescher","187"
"Bugaenko","165"
"Bugrara","200"
"Bultermann","189"
"Burnard","167"
"Busillo","182"
"Businaro","183"
"Butner","193"
"Butterworth","168"
"Byoun","191"
"Caine","177"
"Cairo","177"
"Calkin","160"
"Callaway","190"
"Camarinopoulos","193"
"Camurati","195"
"Candan","193"
"Cangellaris","211"
"Cannane","174"
"Cannard","186"
"Cannata","174"
"Capobianchi","178"
"Cappelletti","183"
"Cappelli","185"
"Cappello","175"
"Cardazo","190"
"Carrera","158"
"Carrere","196"
"Casley","178"
"Casperson","169"
"Castellani","171"
"Cesareni","208"
"Chachaty","187"
"Champarnaud","203"
"Chandrasekhar","185"
"Chappelet","176"
"Chartres","178"
"Chaudhuri","181"
"Chaudhury","184"
"Chelton","181"
"Chenney","209"
"Chenoweth","178"
"Chepyzhov","196"
"Cherinka","192"
"Cheshire","183"
"Chimia","206"
"Chinal","175"
"Chinen","177"
"Chinin","198"
"Chiodo","181"
"Chiola","179"
"Chleq","189"
"Choobineh","174"
"Chorvat","180"
"Christ","193"
"Christianini","180"
"Chvatal","193"
"Cichocki","165"
"Cincotta","180"
"Ciolek","197"
"Claffy","182"
"Clemencon","173"
"Clouatre","201"
"Cmelik","183"
"Cochrane","193"
"Codenie","184"
"Collavizza","167"
"Collette","215"
"Colorni","193"
"Comellas","181"
"Compeau","184"
"Comte","173"
"Comyn","171"
"Conde","195"
"Condotta","169"
"Coney","175"
"Conia","196"
"Conry","169"
"Constantine","194"
"Conta","203"
"Conte","190"
"Conti","184"
"Cooke","201"
"Cooley","175"
"Cools","195"
"Cooman","180"
"Coombs","176"
"Coorg","223"
"Coors","204"
"Copas","163"
"Couchot","162"
"Coullard","166"
"Covnot","180"
"Crabtree","184"
"Crelier","193"
"Cromarty","167"
"Cronan","181"
"Cronau","181"
"Cronin","180"
"Crooks","187"
"Crouzet","185"
"Cullers","176"
"Cummings","216"
"Cunliffe","177"
"Curless","199"
"Cusworth","166"
"Cyne","181"
"Cyre","175"
"Czaja","177"
"Czap","190"
"Daescu","195"
"Dahlbom","181"
"Dalphin","181"
"Dalton","162"
"Danecki","186"
"Danley","187"
"Danlos","185"
"Danner","176"
"DasSarma","185"
"Dayana","163"
"Dayang","181"
"DeMori","205"
"Debuse","183"
"Decaestecker","185"
"Dechter","156"
"Decleir","188"
"Dehkordi","183"
"Delaune","165"
"Delgrande","188"
"Delgrange","179"
"Delgrossi","188"
"Demeyer","166"
"Demian","187"
"Demir","178"
"Demizu","176"
"Demke","175"
"Demos","188"
"Demri","181"
"Dengi","181"
"Denis","165"
"Denna","184"
"Denny","175"
"Denos","173"
"Denti","188"
"Desikan","204"
"Detkin","178"
"Deverell","179"
"Deville","197"
"Deyuan","173"
"DiGiano","177"
"Dichev","184"
"Diderrich","190"
"Docker","194"
"Doering","203"
"Dolinsky","174"
"Domenig","200"
"Douceur","174"
"Dratva","184"
"Dredge","200"
"Driscoll","210"
"DuBourdieux","180"
"DuCasse","177"
"Duclos","206"
"Ducloy","192"
"Dulay","189"
"Dulin","192"
"Dulli","151"
"Dusink","185"
"Dymetman","179"
"Eastman","178"
"Ebeling","169"
"Ecklund","205"
"Edelhoff","175"
"Egerstedt","176"
"Eickenmeyer","192"
"Einsfeld","182"
"Eiron","187"
"Eiter","192"
"Eldridge","174"
"Ellozy","189"
"Emden","205"
"Emiris","190"
"Emmart","215"
"Emmerich","168"
"Encarnacion","205"
"Engberts","195"
"Engelmann","175"
"England","182"
"Eppinger","165"
"Erbe","186"
"Erde","185"
"Erdi","201"
"Erdmenger","197"
"Erev","166"
"Erez","194"
"Erie","180"
"Erman","166"
"Ermel","195"
"Erni","161"
"Ernst","178"
"Erol","180"
"Ertl","192"
"Erva","156"
"Escriba","183"
"Esposito","184"
"Esteva","164"
"Etalle","174"
"Eterovic","182"
"Eugenio","187"
"Fabrizio","180"
"Facello","186"
"Fadgyas","183"
"Fairtlough","191"
"Falby","178"
"Falck","176"
"Falco","179"
"Falster","170"
"Famili","187"
"Fandrianto","172"
"Fargier","200"
"Farrag","179"
"Farrar","189"
"Farrel","170"
"Farris","222"
"Farrow","166"
"Fasbender","180"
"Feinberg","203"
"Felcyn","187"
"Felder","178"
"Feldhoffer","177"
"Feldmann","184"
"Fendler","175"
"Ferretti","189"
"Ferriere","169"
"Fetvedt","181"
"Fiebach","189"
"Figueira","178"
"Fioravanti","180"
"Fiutem","174"
"Flanders","173"
"Flasterstein","181"
"Flexer","175"
"Flowers","209"
"Fontan","192"
"Fontet","170"
"Foolsday","1"
"Foong","179"
"Foote","206"
"Fordan","174"
"Fortenbacher","199"
"Fraisse","185"
"Francisci","189"
"Frezza","177"
"Frijda","171"
"Fritzsche","167"
"Frolund","194"
"Fujisaki","194"
"Fujisawa","181"
"Furedi","191"
"Furudate","184"
"Gadepally","173"
"Gajiwala","196"
"Gammage","199"
"Gargeya","189"
"Garigliano","187"
"Garnham","205"
"Garnick","188"
"Garnier","207"
"Garrabrants","212"
"Gaughan","206"
"Gecseg","179"
"Gecsei","208"
"Gecsel","174"
"Geffroy","205"
"Gelosh","223"
"Genin","152"
"Gente","211"
"Genther","201"
"Georg","174"
"Georgakopoulos","163"
"Georgatos","148"
"Gerlach","209"
"Gerteisen","185"
"Gewali","209"
"Ghalwash","185"
"Ghandeharizadeh","203"
"Ghazalie","198"
"Ghelli","191"
"Ghemri","211"
"Giaccio","181"
"Giarratana","158"
"Gide","172"
"Gien","184"
"Gihr","202"
"Gilg","181"
"Gill","184"
"Gils","189"
"Gimarc","173"
"Gimbel","200"
"Ginesta","164"
"Gini","173"
"Ginneken","178"
"Gips","167"
"Gire","167"
"Gischer","165"
"Gist","193"
"Giveon","186"
"Gladwell","168"
"Glinert","169"
"Glowinski","172"
"Gluchowski","182"
"Gniady","168"
"Godskesen","187"
"Goldhammer","186"
"Gomatam","191"
"Gonthier","151"
"Goodrum","190"
"Gopalakrishnan","176"
"Gornas","197"
"Grabner","168"
"Grandbois","182"
"Granlund","197"
"Greenaway","165"
"Greibach","176"
"Griswold","180"
"Gronowski","195"
"Grospietsch","196"
"Gruenwald","185"
"Guardalben","148"
"Gubsky","171"
"Guenter","182"
"Guerreiro","163"
"Gulak","186"
"Gulik","200"
"Gulla","164"
"Gunderson","181"
"Gurbaxani","185"
"Gustavson","196"
"Guting","197"
"Gyimothy","186"
"Gyorkos","168"
"Haddadi","191"
"Hagimont","164"
"Hainaut","176"
"Haldar","183"
"Halevi","172"
"Halloran","176"
"Hambrick","184"
"Hammerschmidt","200"
"Hanabata","189"
"Hanratty","190"
"Haraldson","190"
"Harbusch","181"
"Hardjono","195"
"Harllee","184"
"Harnett","170"
"Hartvigsen","196"
"Hasenauer","176"
"Hasham","191"
"Hashii","171"
"Hatcliff","179"
"Haumacher","194"
"Hebden","179"
"Hebert","206"
"Hedayat","186"
"Heemskerk","184"
"Heering","188"
"Hegner","164"
"Heijenga","160"
"Heinisuo","172"
"Heiserman","184"
"Hellwagner","190"
"Hemaspaandra","170"
"Hempstead","165"
"Henders","183"
"Hennebert","158"
"Hennings","174"
"Henseler","172"
"Heping","176"
"Herath","177"
"Herber","212"
"Herbst","203"
"Hertweck","193"
"Hettesheimer","199"
"Heusch","181"
"Heuser","196"
"Heuter","192"
"Heydon","172"
"Heyers","192"
"Heystek","200"
"Highland","189"
"Hiltgen","187"
"Himler","170"
"Hinsberger","187"
"Hiraishi","194"
"Hiroyama","200"
"Hitomi","199"
"Hiyoshi","198"
"Hmelo","159"
"Hockney","179"
"Hofman","199"
"Hofmeyr","183"
"Hofstetter","196"
"Hofting","194"
"Holburn","184"
"Homond","165"
"Honglei","184"
"Honiden","175"
"Hoogerwoord","191"
"Hooghiemstra","183"
"Hopewell","155"
"Hoppenstand","200"
"Horswill","189"
"Huhdanpaa","173"
"Huttel","189"
"Hutter","171"
"Hutton","192"
"Huxford","181"
"Iacovou","186"
"Ibel","184"
"Iisaka","181"
"Iisaku","175"
"Iivonen","194"
"Imataki","200"
"Impagliazzo","188"
"Improta","178"
"Irland","194"
"Isaac","184"
"Isaak","171"
"Isard","187"
"Ishibashi","203"
"Itschner","174"
"Itzfeldt","190"
"Itzigehl","200"
"Iwayama","200"
"Jahnichen","189"
"Jakobus","193"
"Janetzko","172"
"Janocha","169"
"Jansch","160"
"Jansen","188"
"Jarecki","178"
"Jayawardene","177"
"Jeansoulin","184"
"Jenevein","208"
"Jeong","168"
"Jervis","190"
"Jiafu","165"
"Jiang","197"
"Jonsson","197"
"Jording","176"
"Joslin","188"
"Journel","169"
"Jullig","190"
"Jumpertz","182"
"Juneja","194"
"Junet","193"
"Junot","169"
"Kabayashi","153"
"Kadhim","163"
"Kading","163"
"Kaelbling","200"
"Kaiser","187"
"Kaiserswerth","171"
"Kakkad","185"
"Kakkar","196"
"Kalafatis","180"
"Kalefeld","172"
"Kalloufi","195"
"Kalorkoti","201"
"Kalsbeek","175"
"Kaltofen","184"
"Kamber","211"
"Kambil","191"
"Kamble","188"
"Kaminger","191"
"Kampfer","197"
"Kandlur","166"
"Karcich","197"
"Karlin","163"
"Karner","199"
"Karnin","202"
"Karunanithi","184"
"Katalagarianos","179"
"Katiyar","198"
"Katzenelson","188"
"Kavanagh","201"
"Kavraki","182"
"Kavvadias","186"
"Kawashima","199"
"Kawashimo","188"
"Keirsey","170"
"Kemmerer","192"
"Kenevan","171"
"Keohane","190"
"Kermarrec","178"
"Keustermans","195"
"Khalid","191"
"Khalil","191"
"Khamsi","198"
"Khasidashvili","209"
"Kieras","177"
"Kilgore","191"
"Kilgour","202"
"Kinley","170"
"Kirkerud","203"
"Kisuki","192"
"Kitai","185"
"Kitsuregawa","211"
"Klassen","190"
"Kleiser","193"
"Klerer","183"
"Klyachko","179"
"Knightly","177"
"Kobara","194"
"Koblick","182"
"Koblitz","184"
"Kobuchi","184"
"Kohling","190"
"Kolinko","179"
"Kolvik","169"
"Kopetz","161"
"Koprowski","158"
"Kornatzky","187"
"Kornyak","202"
"Koshiba","183"
"Koshino","186"
"Kossowski","178"
"Kowalchuk","180"
"Koyama","183"
"Kragelund","163"
"Kranzdorf","186"
"Krichel","185"
"Krider","158"
"Kriebel","189"
"Kroft","181"
"Krogh","182"
"Kroha","163"
"Krohm","191"
"Krohn","175"
"Kroll","182"
"Krone","183"
"Kroon","160"
"Kropatsch","175"
"Kropf","171"
"Kropp","185"
"Krupka","177"
"Kruskal","173"
"Krybus","201"
"Krychniak","179"
"Krzyzanowski","186"
"Kugler","176"
"Kuhnemann","195"
"Kulisch","215"
"Kumaresan","195"
"Kusakabe","194"
"Kusakari","184"
"Kusalik","187"
"Kushner","191"
"Kushnir","168"
"Kuszyk","194"
"Kuzuoka","181"
"Ladret","179"
"Lagarias","178"
"Lakshmanan","168"
"Lally","185"
"Lalonde","198"
"Lamba","207"
"Lambe","165"
"Lamma","200"
"Lammel","182"
"Lamparter","209"
"Lampe","168"
"Landherr","198"
"Langford","195"
"Lanphier","205"
"Lanteri","173"
"Lanzelotte","189"
"Larfeldt","191"
"Laurillard","175"
"Laventhal","189"
"Leaver","196"
"Legleitner","204"
"Leijenhorst","163"
"Leivant","187"
"Lemarechal","158"
"Lenart","187"
"Leonhardt","173"
"Leppanen","157"
"Leslie","190"
"Leuchs","189"
"Levasseur","178"
"Levergood","161"
"Lichtman","183"
"Lichtner","181"
"Lieberherr","176"
"Lieblein","179"
"Liedekerke","186"
"Lienhardt","175"
"Liesche","190"
"Ligten","180"
"Limongiello","170"
"Linares","204"
"Lindenbaum","200"
"Lindqvist","190"
"Linnainmaa","193"
"Lipner","187"
"Litecky","189"
"Litvinov","184"
"Litzkow","161"
"Litzler","171"
"Llado","196"
"Lodder","171"
"Loncour","176"
"Lorch","185"
"Lorcy","184"
"Lores","175"
"Lorho","203"
"Lorie","161"
"Lorin","190"
"Lortz","182"
"Lorys","189"
"Lovengreen","183"
"Lowrie","208"
"Luan","188"
"Lubachevsky","202"
"Luby","192"
"Luca","197"
"Luce","210"
"Luck","182"
"Luders","204"
"Luef","163"
"Lueh","169"
"Luff","183"
"Luft","195"
"Luga","179"
"Luit","181"
"Luiz","166"
"Lukaszewicz","176"
"Luke","176"
"Luks","164"
"Lund","170"
"Lundstrom","186"
"Lung","167"
"Lunn","175"
"Lunt","209"
"Luon","179"
"Lupu","179"
"Lyonns","160"
"Maccarone","169"
"Macedo","164"
"Madeira","190"
"Magalhaes","177"
"Maginnis","169"
"Magliocco","178"
"Mahmud","181"
"Mahnke","216"
"Maierhofer","199"
"Majewski","188"
"Makinen","180"
"Makrucki","188"
"Maksimenko","215"
"Malabarba","209"
"Maliniak","192"
"Malinowski","204"
"Mamelak","162"
"Mandelberg","156"
"Mandell","218"
"Manderick","189"
"Manders","195"
"Mansanne","183"
"Mapelli","191"
"Maquelin","189"
"Maraist","200"
"Marakhovsky","205"
"Marchegay","173"
"Marchesini","179"
"Marciano","165"
"Markovitch","181"
"Marletta","170"
"Marquardt","191"
"Marrakchi","195"
"Marrevee","185"
"Marshall","189"
"Marsiglia","166"
"Marwedel","166"
"Marzano","160"
"Masada","218"
"Masaki","184"
"Masamoto","173"
"Masand","196"
"Massonet","184"
"Mateescu","170"
"Matheson","195"
"Matteis","175"
"Mattern","180"
"Matzat","182"
"Matzel","163"
"Matzen","198"
"Matzke","177"
"Matzov","205"
"Mawatari","199"
"Mayerwieser","181"
"McAffer","180"
"McAlpine","172"
"McClure","179"
"McClurg","200"
"McConalogue","201"
"McDermid","186"
"McFarlan","166"
"McFarlin","198"
"Melichar","193"
"Mellouli","195"
"Melski","194"
"Melter","173"
"Melton","193"
"Menhardt","183"
"Menhoudj","192"
"Menyhert","176"
"Merel","197"
"Merey","196"
"Meriste","196"
"Merkl","190"
"Merks","199"
"Merle","162"
"Merli","186"
"Merlo","177"
"Merro","147"
"Mersereau","172"
"Meszaros","186"
"Miake","191"
"Miara","197"
"Michaeli","196"
"Michaels","199"
"Miculan","159"
"Middleton","187"
"Mikschl","197"
"Milicia","175"
"Milicic","187"
"Millington","189"
"Minakawa","169"
"Mitchem","186"
"Mitina","188"
"Mitsuhashi","159"
"Mitzlaff","200"
"Miyakawa","176"
"Moehrke","164"
"Moffat","190"
"Molberg","183"
"Molenaar","175"
"Molenkamp","189"
"Monarch","196"
"Mondadori","180"
"Monkewich","177"
"Montemayor","184"
"Montresor","168"
"Morrey","213"
"Morrin","193"
"Morris","169"
"Morrow","201"
"Morton","172"
"Motley","179"
"Msuda","182"
"Muchinsky","199"
"Muhlberg","185"
"Muhling","187"
"Mukaidono","201"
"Mullainathan","177"
"Munawer","199"
"Munch","190"
"Munck","180"
"Mundy","162"
"Mungall","171"
"Muniz","172"
"Munke","195"
"Munos","181"
"Munoz","183"
"Munro","160"
"Muntz","195"
"Murillo","182"
"Murrill","166"
"Murtafg","178"
"Murtagh","175"
"Murtha","188"
"Murthy","167"
"Nanard","194"
"Nannarelli","200"
"Narahara","185"
"Narahari","166"
"Narlikar","184"
"Narwekar","188"
"Nastansky","185"
"Nations","167"
"Naudin","183"
"Naumovich","182"
"Navazio","171"
"Negoita","179"
"Neiman","218"
"Neimat","199"
"Nergos","171"
"Nicolson","167"
"Niizuma","163"
"Nilsson","160"
"Nishimukai","197"
"Nitsch","173"
"Nitsche","177"
"Nitta","180"
"Nittel","162"
"Nitto","159"
"Nivat","162"
"Nollmann","151"
"Nooteboom","181"
"Noriega","191"
"Norsworthy","200"
"Nourani","177"
"Nyanchama","187"
"Nyrup","172"
"Oaver","167"
"Oberman","188"
"Oehlmann","163"
"Ohori","197"
"Olano","183"
"Olivero","176"
"Onuegbe","205"
"Openshaw","185"
"Oppitz","197"
"Orlowska","173"
"Orlowski","185"
"Orsini","189"
"Osgood","220"
"Oskamp","174"
"Ossenbruggen","181"
"Otillio","200"
"Ouhyoung","195"
"Oxenboll","183"
"Oxman","174"
"Ozeki","184"
"Ozeri","179"
"Ozery","156"
"Paciorek","185"
"Pagter","179"
"Paludetto","183"
"Panangaden","205"
"Panienski","208"
"Panwar","184"
"Papadias","196"
"Papastamatiou","175"
"Pappas","165"
"Papsdorf","195"
"Parascandalo","192"
"Pardalos","176"
"Parfitt","191"
"Pargaonkar","168"
"Pargas","189"
"Parhami","189"
"Parveen","198"
"Pashtan","198"
"Passafiume","176"
"Passino","183"
"Pauthner","171"
"Pavlopoulou","187"
"Peac","183"
"Peak","191"
"Pearson","159"
"Peck","177"
"Peek","212"
"Peha","174"
"Pehl","192"
"Peir","186"
"Pelc","201"
"Pell","172"
"Pellegrinelli","160"
"Peltason","194"
"Pelz","197"
"Pena","173"
"Peng","182"
"Penn","170"
"Penttonen","203"
"Penz","188"
"Peot","183"
"Pepe","179"
"Peral","177"
"Percebois","182"
"Perelgut","166"
"Peres","178"
"Perez","201"
"Perfilyeva","189"
"Perin","165"
"Peris","177"
"Perko","168"
"Perl","183"
"Perly","189"
"Perna","173"
"Perng","206"
"Pero","164"
"Peron","191"
"Peroz","181"
"Perri","177"
"Perry","188"
"Perz","172"
"Pesch","167"
"Petereit","185"
"Peternell","173"
"Petersohn","189"
"Pettey","174"
"Pettis","216"
"Pettit","182"
"Pews","202"
"Peyn","190"
"Pezzoli","166"
"Pfau","200"
"Piancastelli","169"
"Piazza","170"
"Picaronny","176"
"Picci","175"
"Picco","198"
"Picel","195"
"Picht","189"
"Pietracaprina","173"
"Pietrzykowski","183"
"Pileggi","166"
"Pillow","165"
"Pintelas","174"
"Piveteau","198"
"Plavsic","185"
"Plessier","191"
"Plesums","191"
"Pleszkun","176"
"Plotkin","171"
"Plumb","165"
"Plump","189"
"Pluym","163"
"Pocchiola","200"
"Poehlman","182"
"Pokrovskii","214"
"Polajnar","170"
"Pollacia","185"
"Pollock","183"
"Polupanov","156"
"Ponthieu","205"
"Porenta","175"
"Porotnikoff","164"
"Portugali","172"
"Potthoff","174"
"Poujol","182"
"Poulakidas","186"
"Poupard","198"
"Pouyioutas","177"
"Pramanik","212"
"Prampolini","153"
"Prenel","179"
"Preusig","187"
"Prochazka","180"
"Provine","151"
"Przulj","189"
"Pulkowski","186"
"Puoti","168"
"Puppe","179"
"Puppo","188"
"Pusterhofer","191"
"Qiwen","168"
"Quadeer","196"
"Quaggetto","173"
"Quittner","181"
"Rabehasaina","212"
"Rabejac","171"
"Raczkowsky","182"
"Radhakrishnan","193"
"Radivojevic","200"
"Radwan","178"
"Rahier","185"
"Rahimi","189"
"Rajala","192"
"Rajaraman","197"
"Rajcani","212"
"Ramaiah","190"
"Ramalingam","159"
"Ramamoorthy","179"
"Ramras","160"
"Ramsak","167"
"Ramsay","203"
"Ramsey","178"
"Ranai","185"
"Rande","171"
"Randi","192"
"Rando","177"
"Randt","183"
"Raney","183"
"Ranft","190"
"Range","173"
"Ranka","172"
"Ranon","181"
"Ranst","153"
"Ranta","197"
"Ranum","197"
"Ranze","173"
"Raoux","160"
"Rassart","199"
"Rathonyi","178"
"Ratnakar","186"
"Ratnaker","181"
"Rattan","166"
"Ratzlaff","182"
"Ravishankar","155"
"Rebaine","178"
"Redmiles","210"
"Reeken","190"
"Reeker","164"
"Reghbati","185"
"Rehfuss","162"
"Reinhard","176"
"Reinhart","181"
"Reistad","183"
"Remmele","194"
"Remmers","192"
"Renear","182"
"Ressouche","188"
"Restivo","178"
"Rettelbach","183"
"Reutenauer","188"
"Riefers","185"
"Riesenhuber","190"
"Riexinger","204"
"Rijckaert","186"
"Rijsenbrij","169"
"Rikino","195"
"Rindone","195"
"Rissanen","180"
"Rissland","188"
"Ritcey","156"
"Ritzmann","165"
"Roccetti","179"
"Rodham","187"
"Rodier","184"
"Rodiger","179"
"Rodite","183"
"Rohrbach","182"
"Roisin","191"
"Roison","171"
"Roohalamini","175"
"Rosar","150"
"Rosay","185"
"Rosaz","214"
"Rosca","184"
"Rosch","200"
"Rosen","186"
"Rosenbaum","196"
"Rosiles","192"
"Rosin","195"
"Rosis","193"
"Rossi","176"
"Rosti","155"
"Rotem","172"
"Rothe","183"
"Rothenberg","191"
"Rouquie","201"
"Rousseau","189"
"Rubsam","174"
"Ruemmler","177"
"Rullman","171"
"Rusmann","173"
"Rusterholz","201"
"Ruther","180"
"Sabnani","152"
"Sadowski","196"
"Sadowsky","145"
"Salinas","191"
"Salverda","190"
"Salvesen","194"
"Samarati","178"
"Sambasivam","174"
"Sanella","170"
"Sankaranarayanan","183"
"Saoudi","176"
"Savasere","181"
"Scallan","214"
"Schaad","194"
"Schaaf","210"
"Schaap","196"
"Schaar","194"
"Schach","196"
"Schade","184"
"Schaft","183"
"Schahn","176"
"Schapire","202"
"Schapiro","181"
"Scharstein","189"
"Schauser","174"
"Schicker","175"
"Schieder","185"
"Schiettecatte","184"
"Schiper","198"
"Schlegelmilch","202"
"Schlenzig","174"
"Schlumberger","184"
"Schmezko","160"
"Schmiedel","197"
"Schmittgen","181"
"Schnabel","160"
"Schneeberger","179"
"Schnelling","165"
"Schoegge","174"
"Schonegge","174"
"Schreiter","200"
"Schrift","159"
"Schrooten","170"
"Schueller","167"
"Schurmann","175"
"Schusler","201"
"Schwabacher","181"
"Schwaller","194"
"Schwartzbauer","151"
"Schwartzburd","185"
"Seghrouchni","190"
"Segond","195"
"Seiwald","157"
"Selenyi","176"
"Selvestrel","191"
"Senzako","192"
"Serdy","167"
"Serna","195"
"Serot","171"
"Serov","156"
"Serra","209"
"Serre","193"
"Servi","196"
"Servieres","199"
"Sessa","170"
"Sethi","186"
"Setia","196"
"Setiz","170"
"Setlzner","182"
"Seuren","178"
"Sevcikova","168"
"Sewelson","178"
"Sgarro","200"
"Shackel","189"
"Shackell","169"
"Shanbhogue","194"
"Sherertz","180"
"Shigei","153"
"Shihab","187"
"Shimshoni","205"
"Shinomoto","175"
"Shiratori","204"
"Shobatake","170"
"Shokrollahi","179"
"Showalter","174"
"Shrader","204"
"Shumilov","200"
"Sichman","196"
"Sidhu","180"
"Sidje","163"
"Sidou","191"
"Siegrist","187"
"Siepmann","212"
"Sifakis","193"
"Sigstam","175"
"Siksek","213"
"Silva","186"
"Simkin","196"
"Simmel","167"
"Simmen","192"
"Sinicrope","176"
"Sinitsyn","178"
"Siochi","189"
"Siprelle","205"
"Skafidas","199"
"Skogmar","163"
"Skrikant","175"
"Slaats","163"
"Slobodova","199"
"Sluis","170"
"Slutz","161"
"Smailagic","189"
"Smeets","181"
"Snedden","200"
"Snyers","179"
"Socorro","167"
"Soicher","202"
"Solares","216"
"Solovay","178"
"Soloway","164"
"Sommen","175"
"Sommer","176"
"Sooriamurthi","185"
"Spataro","181"
"Speckmann","199"
"Speek","200"
"Speel","192"
"Speer","182"
"Spell","170"
"Spelt","197"
"Spieker","182"
"Spinelli","189"
"Sridhar","199"
"Srimani","197"
"Staelin","170"
"Stafford","173"
"Stamatiou","184"
"Standera","161"
"Stanfel","201"
"Stanger","198"
"Stasinski","183"
"Stassinopoulos","193"
"Staudhammer","181"
"Stavenow","183"
"Staylopatis","190"
"Steenbeek","190"
"Steinauer","179"
"Stellhorn","180"
"Stemann","162"
"Stenning","183"
"Stentiford","194"
"Stifter","213"
"Stiles","159"
"Stille","165"
"Strandh","190"
"Straney","183"
"Stranks","166"
"Strehl","187"
"Streit","168"
"Streng","179"
"Strooper","178"
"Stroustrup","188"
"Sudbeck","222"
"Sudkamp","188"
"Suermann","182"
"Suessmith","155"
"Sullins","180"
"Sundgren","193"
"Suomi","197"
"Suppi","190"
"Suri","190"
"Sury","164"
"Suwa","165"
"Swab","161"
"Swan","196"
"Swen","212"
"Swick","204"
"Swift","195"
"Swiler","166"
"Swiss","190"
"Swist","181"
"Syang","196"
"Syrotiuk","172"
"Syrzycki","174"
"Szemeredi","181"
"Szilard","197"
"Szmurlo","184"
"Tagansky","194"
"Takanami","181"
"Takkinen","186"
"Talmon","182"
"Talmor","186"
"Taneja","201"
"Tanemo","175"
"Tasistro","178"
"Taubenfeld","200"
"Taubman","212"
"Tchuente","188"
"Teitelbaum","166"
"Tempesti","161"
"Templeman","177"
"Terekhov","185"
"Terkki","180"
"Terlouw","183"
"Terwilliger","156"
"Tetzlaff","203"
"Thambidurai","167"
"Thebaut","193"
"Theuretzbacher","168"
"Thibadeau","172"
"Thimonier","192"
"Thiran","191"
"Thiria","177"
"Thisen","169"
"Thombley","172"
"Thorelli","152"
"Thorensen","177"
"Thummel","202"
"Tibblin","160"
"Tiemann","199"
"Tischendorf","173"
"Tokunaga","172"
"Tomescu","192"
"Toyoshima","180"
"Trachtenberg","181"
"Tramer","203"
"Trelles","182"
"Trogemann","179"
"Trumbly","177"
"Trystram","191"
"Tsukuda","185"
"Tsukune","180"
"Tsunoo","175"
"Turnbull","179"
"Tyugu","188"
"Tzvieli","174"
"Uchoa","177"
"Uehara","189"
"Uhrig","181"
"Uhrik","182"
"Ullian","176"
"Uludag","182"
"Ulupinar","179"
"Underwood","190"
"Undy","177"
"Unni","169"
"Unno","194"
"Usdin","163"
"Usery","184"
"Ushiama","182"
"Vadhan","159"
"Vakili","180"
"Valette","189"
"Validov","173"
"Valiente","175"
"Valtorta","185"
"VanScheik","162"
"Vandervoorde","177"
"Vanwelkenhuysen","187"
"Varker","174"
"Varley","181"
"Varman","182"
"Vasanthakumar","183"
"Vecchi","191"
"Vecchio","191"
"Veccia","164"
"Veeraraghavan","183"
"Veevers","185"
"Velardi","163"
"Velasco","187"
"Veldwijk","174"
"Vendrig","181"
"Ventosa","211"
"Verhaegen","182"
"Verhoeff","170"
"Vernadat","198"
"Versino","187"
"Verspoor","178"
"Vesel","186"
"Vesna","175"
"Vickson","194"
"Vidal","175"
"Vidya","175"
"Viele","197"
"Vieri","172"
"Vieth","156"
"Vigier","198"
"Vilarrasa","195"
"Vingron","190"
"Vitiello","180"
"Vrecion","172"
"Vural","175"
"Vuskovic","182"
"Waeselynck","183"
"Waleschkowski","163"
"Wallrath","168"
"Walston","185"
"Walstra","186"
"Warwick","199"
"Waschkowski","181"
"Waterhouse","183"
"Waymire","188"
"Weedman","197"
"Weedon","184"
"Wegerle","183"
"Weiland","191"
"Weisert","197"
"Welham","184"
"Wendorf","217"
"Werthner","179"
"Whitcomb","204"
"Whittlesey","172"
"Wiegley","167"
"Wielonsky","160"
"Wilfing","179"
"Wilharm","164"
"Willoner","185"
"Winter","180"
"Wissmann","175"
"Wixon","169"
"Wolniewicz","213"
"Worfolk","193"
"Wossner","192"
"Woycyznski","192"
"Wrigley","195"
"Wroclawski","192"
"Wursthorn","193"
"Wuwongse","167"
"Wynblatt","201"
"Xiaoshan","187"
"Yamaashi","168"
"Yavatkar","169"
"Yemenis","181"
"Yetim","170"
"Yetto","169"
"Yeung","187"
"Yoshimura","169"
"Yoshizawa","188"
"Yurek","202"
"Yurov","179"
"Zaccaria","189"
"Zaiane","172"
"Zallocco","198"
"Zambonelli","151"
"Zastre","160"
"Zaumen","199"
"Zedlitz","163"
"Zeidenstein","187"
"Zeilberger","177"
"Zeleznik","177"
"Zhang","163"
"Zhiwei","177"
"Zielinski","172"
"Zirintsis","188"
"Zizka","180"
"Zlotek","182"
"Zobel","162"
"Zockler","173"
"Zolotykh","183"
"Zongker","192"
"Zschoche","165"
"Zuberek","209"
"Zucker","185"
"Zultner","177"
"Zumaque","195"
"Zweizig","180"
"Zwicker","176"
"Zyda","181"
"Zykh","148"
"dAstous","166"
